{
  "mae": [
    [0.0459349, 0.0542883, 0.0583023, 0.0598331, 0.0604682, 0.0623735],
    [0.0352026, 0.0411135, 0.0438992, 0.0450482, 0.0456706, 0.0470415],
    [3.128705, 3.874492, 4.473159, 5.075456, 5.762957, 6.618295],
    [3.224308, 4.050659, 4.712365, 5.273450, 5.773036, 6.240489],
    [3.302290, 4.161476, 4.848024, 5.432492, 5.956731, 6.455871],
    [3.306061, 4.184112, 4.887117, 5.486763, 6.023821, 6.531619],
    [3.130149, 3.967692, 4.640683, 5.214632, 5.727289, 6.207523],
    [2.202212, 2.796831, 3.291237, 3.728502, 4.129794, 4.510053]
  ],
  "mse": [
    [0.00557294, 0.00731557, 0.00823571, 0.00852214, 0.00845024, 0.00855024],
    [0.00315833, 0.00394428, 0.00428954, 0.00434162, 0.00425996, 0.00426980],
    [27.3180, 38.3190, 48.3801, 58.8955, 71.6905, 89.4206],
    [32.0175, 47.0655, 62.0852, 76.5646, 90.7162, 104.6494],
    [33.7401, 50.0022, 66.2371, 81.9015, 97.2807, 112.6009],
    [33.6806, 49.9082, 66.1246, 81.8146, 97.2611, 112.6462],
    [30.7555, 45.6670, 60.6802, 75.3143, 89.8207, 104.3042],
    [16.3102, 24.5205, 32.9807, 41.3687, 49.7994, 58.2848]
  ],
  "ssim": [
    [0.534703, 0.472018, 0.445849, 0.432466, 0.423400, 0.409631],
    [0.501266, 0.415540, 0.362922, 0.321361, 0.285331, 0.251817],
    [0.579622, 0.519622, 0.494369, 0.481456, 0.477170, 0.478267],
    [0.640508, 0.591424, 0.567135, 0.553249, 0.543595, 0.535620],
    [0.645522, 0.595497, 0.570413, 0.555732, 0.545236, 0.536549],
    [0.646531, 0.597184, 0.572676, 0.558474, 0.548451, 0.539986],
    [0.650365, 0.602707, 0.579419, 0.566178, 0.556874, 0.549369],
    [0.662584, 0.620624, 0.601008, 0.590102, 0.581820, 0.574890]
  ],
  "psnr": [
    [23.90, 22.72, 22.21, 22.06, 22.10, 22.04],
    [25.96, 24.99, 24.63, 24.58, 24.66, 24.65],
    [30.77, 29.30, 28.29, 27.43, 26.58, 25.62],
    [27.12, 25.44, 24.24, 23.33, 22.59, 21.97],
    [27.21, 25.50, 24.28, 23.36, 22.61, 21.98],
    [27.24, 25.53, 24.31, 23.39, 22.64, 22.00],
    [27.33, 25.62, 24.38, 23.44, 22.68, 22.03],
    [27.36, 25.59, 24.30, 23.32, 22.51, 21.83]
  ]
}